City_ID,City,Country,Date,Lat,Lng,Max Temp,Humidity,Cloudiness,Wind Speed,Current Description,Rain inches (last 1 hours),Snow inches (last 1 hours)
0,Penzance,GB,2020-07-12 16:38:01,50.12,-5.54,66.99,59,41,9.17,scattered clouds,0,0
1,Hobart,AU,2020-07-12 16:37:59,-42.88,147.33,39.0,93,90,10.29,overcast clouds,0,0
2,Busselton,AU,2020-07-12 16:38:21,-33.65,115.33,57.0,80,49,15.3,scattered clouds,0,0
3,Severo-Kurilsk,RU,2020-07-12 16:38:22,50.68,156.12,49.5,92,100,10.09,overcast clouds,0,0
4,Saint George,US,2020-07-12 16:36:14,37.1,-113.58,93.99,21,1,4.7,clear sky,0,0
5,Meulaboh,ID,2020-07-12 16:38:22,4.14,96.13,77.7,86,100,6.17,overcast clouds,0,0
6,Puerto Ayora,EC,2020-07-12 16:38:22,-0.74,-90.35,70.0,85,57,5.01,broken clouds,0,0
7,Airai,TL,2020-07-12 16:38:22,-8.93,125.41,56.53,100,94,4.03,overcast clouds,0,0
8,Ushuaia,AR,2020-07-12 16:36:44,-54.8,-68.3,35.6,80,40,19.46,scattered clouds,0,0
9,Punta Arenas,CL,2020-07-12 16:34:12,-53.15,-70.92,37.4,74,20,19.46,few clouds,0,0
10,Dicabisagan,PH,2020-07-12 16:38:22,17.08,122.42,79.74,82,100,3.58,light rain,0.37,0
11,Hithadhoo,MV,2020-07-12 16:38:22,-0.6,73.08,84.99,70,89,6.98,overcast clouds,0,0
12,Sholokhovskiy,RU,2020-07-12 16:38:22,48.28,41.05,76.08,63,20,17.38,light rain,0.19,0
13,Pangkalanbuun,ID,2020-07-12 16:38:23,-2.68,111.62,74.28,94,99,2.24,overcast clouds,0,0
14,Dingle,PH,2020-07-12 16:38:23,11.0,122.67,77.76,87,91,2.26,overcast clouds,0,0
15,Avarua,CK,2020-07-12 16:38:23,-21.21,-159.78,69.8,88,99,5.82,moderate rain,0,0
16,Torbay,CA,2020-07-12 16:38:23,47.67,-52.73,66.99,68,75,18.34,broken clouds,0,0
17,Mataura,NZ,2020-07-12 16:38:23,-46.19,168.86,39.0,83,74,3.0,broken clouds,0,0
18,Harper,LR,2020-07-12 16:38:23,4.38,-7.72,78.13,71,75,7.52,broken clouds,0,0
19,Constitucion,CL,2020-07-12 16:38:23,-35.33,-72.42,58.03,64,100,5.26,overcast clouds,0,0
20,Ocos,GT,2020-07-12 16:38:24,14.51,-92.19,86.0,79,5,4.7,clear sky,0,0
21,Ekhabi,RU,2020-07-12 16:38:24,53.51,142.97,48.11,96,59,2.08,broken clouds,0,0
22,Adelaide,AU,2020-07-12 16:35:20,-34.93,138.6,51.01,100,9,3.36,clear sky,0,0
23,Barrow,US,2020-07-12 16:35:04,71.29,-156.79,35.6,94,90,8.05,mist,0,0
24,Karratha,AU,2020-07-12 16:38:04,-20.74,116.85,63.82,28,0,11.43,clear sky,0,0
25,Saint-Georges,GD,2020-07-12 16:38:24,12.06,-61.75,86.0,74,40,19.46,scattered clouds,0,0
26,Nome,US,2020-07-12 16:38:24,64.5,-165.41,55.4,71,1,1.99,clear sky,0,0
27,Caldwell,US,2020-07-12 16:38:24,43.66,-116.69,73.99,35,1,9.17,clear sky,0,0
28,Podgornoye,RU,2020-07-12 16:38:25,51.73,39.15,84.2,25,0,6.71,clear sky,0,0
29,Port Hardy,CA,2020-07-12 16:38:25,50.7,-127.42,55.4,87,75,3.36,broken clouds,0,0
30,San Miguel,SV,2020-07-12 16:38:25,13.48,-88.18,87.8,55,14,6.93,few clouds,0,0
31,Rikitea,PF,2020-07-12 16:38:25,-23.12,-134.97,71.06,71,0,17.67,clear sky,0,0
32,Esperance,AU,2020-07-12 16:38:25,-33.87,121.9,50.0,61,58,19.46,broken clouds,0,0
33,Kaitangata,NZ,2020-07-12 16:38:25,-46.28,169.85,37.0,75,28,7.0,scattered clouds,0,0
34,Port Lincoln,AU,2020-07-12 16:38:25,-34.73,135.87,52.81,83,0,4.52,clear sky,0,0
35,Berlin,DE,2020-07-12 16:38:25,52.52,13.41,70.0,42,24,11.41,few clouds,0,0
36,Tiksi,RU,2020-07-12 16:38:26,71.69,128.87,57.67,91,57,5.66,broken clouds,0,0
37,Iqaluit,CA,2020-07-12 16:34:41,63.75,-68.51,59.0,62,75,20.8,broken clouds,0,0
38,Hermanus,ZA,2020-07-12 16:38:26,-34.42,19.23,59.0,58,0,10.0,clear sky,0,0
39,Chapais,CA,2020-07-12 16:38:26,49.78,-74.85,60.8,93,90,12.75,overcast clouds,0,0
40,Narsaq,GL,2020-07-12 16:38:26,60.92,-46.05,62.6,59,99,5.82,overcast clouds,0,0
41,Carnarvon,AU,2020-07-12 16:38:26,-24.87,113.63,55.4,100,0,8.05,clear sky,0,0
42,Yellowknife,CA,2020-07-12 16:36:02,62.46,-114.35,66.99,59,75,5.82,broken clouds,0,0
43,Amahai,ID,2020-07-12 16:38:26,-3.33,128.92,77.29,88,99,5.14,light rain,0.38,0
44,Kavieng,PG,2020-07-12 16:38:26,-2.57,150.8,82.26,71,100,4.09,overcast clouds,0,0
45,Jamestown,US,2020-07-12 16:38:26,42.1,-79.24,77.0,64,40,11.41,scattered clouds,0,0
46,Bengkulu,ID,2020-07-12 16:38:27,-3.8,102.27,75.9,90,100,3.8,overcast clouds,0,0
47,Port Alfred,ZA,2020-07-12 16:38:27,-33.59,26.89,60.19,50,0,20.54,clear sky,0,0
48,Chokurdakh,RU,2020-07-12 16:38:27,70.63,147.92,55.36,65,74,9.19,broken clouds,0,0
49,Ust-Omchug,RU,2020-07-12 16:38:27,61.15,149.63,51.37,73,13,2.08,few clouds,0,0
50,Coahuayana,MX,2020-07-12 16:38:27,18.73,-103.68,73.4,88,75,4.36,broken clouds,0,0
51,Qasigiannguit,GL,2020-07-12 16:38:27,68.82,-51.19,48.2,70,72,6.93,broken clouds,0,0
52,Prince Rupert,CA,2020-07-12 16:35:57,54.32,-130.32,55.4,87,90,4.7,overcast clouds,0,0
53,Visnes,NO,2020-07-12 16:38:28,59.36,5.22,57.99,87,75,13.87,broken clouds,0,0
54,Sitka,US,2020-07-12 16:38:28,57.05,-135.33,55.4,87,75,4.7,broken clouds,0,0
55,Bintulu,MY,2020-07-12 16:38:05,3.17,113.03,77.0,94,20,4.7,few clouds,0,0
56,Dunedin,NZ,2020-07-12 16:38:28,-45.87,170.5,41.0,69,1,15.01,clear sky,0,0
57,Aklavik,CA,2020-07-12 16:38:28,68.22,-135.01,50.0,87,75,2.24,broken clouds,0,0
58,Salalah,OM,2020-07-12 16:36:28,17.02,54.09,82.4,88,75,5.82,broken clouds,0,0
59,Qaanaaq,GL,2020-07-12 16:38:28,77.48,-69.36,45.99,60,73,2.13,broken clouds,0,0
60,Tuktoyaktuk,CA,2020-07-12 16:38:28,69.45,-133.04,48.2,81,40,4.7,scattered clouds,0,0
61,Tasiilaq,GL,2020-07-12 16:38:29,65.61,-37.64,46.4,70,48,9.17,scattered clouds,0,0
62,Atuona,PF,2020-07-12 16:38:29,-9.8,-139.03,79.93,76,29,24.29,scattered clouds,0,0
63,Lac Du Bonnet,CA,2020-07-12 16:38:29,50.25,-96.06,79.0,93,38,5.01,scattered clouds,0,0
64,Nouadhibou,MR,2020-07-12 16:38:29,20.93,-17.03,82.4,58,11,8.05,few clouds,0,0
65,Pio Xii,BR,2020-07-12 16:38:29,-3.83,-45.15,88.23,50,0,4.56,clear sky,0,0
66,Baoro,CF,2020-07-12 16:38:29,5.67,15.97,73.76,87,57,2.93,light rain,0.29,0
67,Kapaa,US,2020-07-12 16:38:29,22.08,-159.32,77.0,78,20,16.11,few clouds,0,0
68,Cape Town,ZA,2020-07-12 16:38:30,-33.93,18.42,62.01,41,0,18.34,clear sky,0,0
69,Vaini,TO,2020-07-12 16:38:30,-21.2,-175.2,69.8,88,75,11.41,broken clouds,0,0
70,Baoqing,CN,2020-07-12 16:38:30,46.33,132.21,63.28,91,0,1.57,clear sky,0,0
71,Zhob,PK,2020-07-12 16:38:30,31.34,69.45,75.76,50,20,8.57,moderate rain,1.11,0
72,Albany,US,2020-07-12 16:38:30,42.6,-73.97,84.0,63,47,1.01,scattered clouds,0,0
73,Naryan-Mar,RU,2020-07-12 16:38:30,67.67,53.09,48.58,93,100,21.45,overcast clouds,0,0
74,Pudozh,RU,2020-07-12 16:38:30,61.81,36.53,63.93,65,100,3.78,overcast clouds,0,0
75,Aykhal,RU,2020-07-12 16:38:31,66.0,111.5,64.4,52,75,8.95,broken clouds,0,0
76,Henties Bay,NA,2020-07-12 16:38:31,-22.12,14.28,57.0,89,0,1.99,clear sky,0,0
77,Komsomolskiy,UZ,2020-07-12 16:38:31,40.43,71.72,80.6,42,100,6.93,overcast clouds,0,0
78,Saint-Philippe,RE,2020-07-12 16:38:31,-21.36,55.77,69.8,82,52,3.36,light rain,0.33,0
79,Capannori,IT,2020-07-12 16:38:31,43.87,10.57,86.0,43,17,7.45,few clouds,0,0
80,Puerto Escondido,MX,2020-07-12 16:38:31,15.85,-97.07,86.0,66,75,3.36,broken clouds,0,0
81,Vredendal,ZA,2020-07-12 16:38:31,-31.67,18.5,54.93,60,6,9.26,clear sky,0,0
82,Longyearbyen,SJ,2020-07-12 16:38:31,78.22,15.64,46.4,81,75,4.7,broken clouds,0,0
83,Lebu,CL,2020-07-12 16:38:32,-37.62,-73.65,50.29,92,100,1.86,overcast clouds,0,0
84,Takoradi,GH,2020-07-12 16:38:32,4.88,-1.76,76.89,81,62,10.6,broken clouds,0,0
85,Coari,BR,2020-07-12 16:38:32,-4.08,-63.14,84.16,75,76,2.59,light rain,0.6,0
86,Marawi,PH,2020-07-12 16:38:32,8.0,124.29,75.99,87,99,7.0,light rain,0.63,0
87,Thompson,CA,2020-07-12 16:38:32,55.74,-97.86,68.0,68,75,9.17,broken clouds,0,0
88,Coquimbo,CL,2020-07-12 16:38:33,-29.95,-71.34,59.0,77,35,6.93,scattered clouds,0,0
89,Kiunga,PG,2020-07-12 16:38:33,-6.12,141.29,72.45,98,87,0.69,moderate rain,1.93,0
90,Hilo,US,2020-07-12 16:38:33,19.73,-155.09,71.6,83,75,3.36,broken clouds,0,0
91,Ancud,CL,2020-07-12 16:38:33,-41.87,-73.82,48.99,75,75,6.93,broken clouds,0,0
92,Terrace,CA,2020-07-12 16:37:54,54.52,-128.6,53.6,87,75,8.05,broken clouds,0,0
93,Sangar,RU,2020-07-12 16:38:33,63.92,127.47,62.56,95,12,2.44,few clouds,0,0
94,East London,ZA,2020-07-12 16:38:33,-33.02,27.91,61.54,56,0,22.82,clear sky,0,0
95,Mishkino,RU,2020-07-12 16:38:33,55.34,63.92,65.61,70,20,3.44,few clouds,0,0
96,Lusambo,CD,2020-07-12 16:38:34,-4.97,23.45,84.58,42,83,1.34,broken clouds,0,0
97,Skelleftea,SE,2020-07-12 16:38:34,64.75,20.95,63.0,62,100,5.82,overcast clouds,0,0
98,Bam,IR,2020-07-12 16:38:34,29.11,58.36,86.56,15,3,8.99,clear sky,0,0
99,Vanimo,PG,2020-07-12 16:38:34,-2.67,141.3,78.46,80,99,0.96,light rain,0.41,0
100,Namatanai,PG,2020-07-12 16:38:34,-3.67,152.43,79.38,80,100,6.29,overcast clouds,0,0
101,Klaksvik,FO,2020-07-12 16:38:34,62.23,-6.59,51.8,93,100,8.05,overcast clouds,0,0
102,Nikolskoye,RU,2020-07-12 16:38:34,59.7,30.79,64.4,63,75,4.47,broken clouds,0,0
103,New Norfolk,AU,2020-07-12 16:38:35,-42.78,147.06,37.0,91,3,1.45,clear sky,0,0
104,Tabursuq,TN,2020-07-12 16:38:35,36.46,9.25,102.2,20,0,18.34,clear sky,0,0
105,Bethel,US,2020-07-12 16:38:35,41.37,-73.41,82.99,61,75,10.29,broken clouds,0,0
106,Odlabari,IN,2020-07-12 16:38:35,26.83,88.62,78.37,88,78,2.82,light rain,0.91,0
107,Jalu,LY,2020-07-12 16:38:35,29.03,21.55,92.66,15,0,7.16,clear sky,0,0
108,Kavaratti,IN,2020-07-12 16:38:35,10.57,72.64,82.51,77,89,14.09,light rain,0.83,0
109,Deniliquin,AU,2020-07-12 16:36:04,-35.53,144.97,43.0,94,41,6.64,scattered clouds,0,0
110,Antalaha,MG,2020-07-12 16:38:36,-14.9,50.28,69.91,87,13,8.43,light rain,0.69,0
111,Linxia,CN,2020-07-12 16:38:36,35.6,103.21,59.22,73,0,2.17,clear sky,0,0
112,Bilibino,RU,2020-07-12 16:38:36,68.05,166.44,58.24,87,100,1.14,light rain,0.16,0
113,Grevena,GR,2020-07-12 16:38:36,40.08,21.43,88.0,34,51,6.93,broken clouds,0,0
114,Georgetown,MY,2020-07-12 16:38:36,5.41,100.34,82.4,88,20,1.12,few clouds,0,0
115,Ajaccio,FR,2020-07-12 16:38:36,42.0,8.92,82.4,65,0,10.29,clear sky,0,0
116,Cidreira,BR,2020-07-12 16:38:37,-30.18,-50.21,60.87,93,85,9.06,overcast clouds,0,0
117,Vardo,NO,2020-07-12 16:38:37,70.37,31.11,48.2,81,75,16.11,broken clouds,0,0
118,Dikson,RU,2020-07-12 16:38:37,73.51,80.55,42.73,97,89,7.85,overcast clouds,0,0
119,Vanavara,RU,2020-07-12 16:38:37,60.34,102.28,56.23,74,19,4.16,few clouds,0,0
120,Cradock,ZA,2020-07-12 16:38:37,-32.16,25.62,51.08,41,10,16.06,clear sky,0,0
121,Mar Del Plata,AR,2020-07-12 16:38:37,-38.0,-57.56,50.0,39,20,16.11,few clouds,0,0
122,Ahipara,NZ,2020-07-12 16:38:38,-35.17,173.17,55.27,86,46,7.54,scattered clouds,0,0
123,Payakumbuh,ID,2020-07-12 16:38:38,-0.22,100.63,71.42,89,100,2.89,overcast clouds,0,0
124,Taormina,IT,2020-07-12 16:38:38,37.85,15.29,84.0,67,0,3.0,clear sky,0,0
125,Ribeira Grande,PT,2020-07-12 16:38:38,38.52,-28.7,75.2,69,20,14.99,few clouds,0,0
126,Hasaki,JP,2020-07-12 16:38:38,35.73,140.83,66.2,93,75,4.7,light intensity shower rain,0,0
127,Bluff,NZ,2020-07-12 16:38:38,-46.6,168.33,39.0,83,57,3.0,broken clouds,0,0
128,Petropavlovsk-Kamchatskiy,RU,2020-07-12 16:38:38,53.05,158.65,53.6,100,75,6.71,broken clouds,0,0
129,Port Elizabeth,ZA,2020-07-12 16:38:38,-33.92,25.57,60.8,59,0,11.41,clear sky,0,0
130,Tekirdag,TR,2020-07-12 16:38:39,40.98,27.51,80.6,39,0,14.99,clear sky,0,0
131,Yinchuan,CN,2020-07-12 16:38:39,38.47,106.27,74.3,54,4,5.03,clear sky,0,0
132,Codrington,AU,2020-07-12 16:38:39,-38.27,141.97,44.01,90,0,2.64,clear sky,0,0
133,Alyangula,AU,2020-07-12 16:38:39,-13.85,136.42,71.6,56,95,4.7,overcast clouds,0,0
134,Perth,AU,2020-07-12 16:38:05,-31.93,115.83,60.01,62,75,5.82,light rain,0.25,0
135,Namibe,AO,2020-07-12 16:38:39,-15.2,12.15,68.0,72,0,11.41,clear sky,0,0
136,Quelimane,MZ,2020-07-12 16:38:39,-17.88,36.89,75.2,69,75,12.75,broken clouds,0,0
137,Cardenas,CU,2020-07-12 16:38:40,23.04,-81.2,86.0,74,40,8.05,scattered clouds,0,0
138,Nemuro,JP,2020-07-12 16:38:40,43.32,145.57,54.37,93,98,9.1,overcast clouds,0,0
139,Mitu,CO,2020-07-12 16:34:35,1.2,-70.17,73.18,97,98,0.72,light rain,0.39,0
140,Ilulissat,GL,2020-07-12 16:38:40,69.22,-51.1,48.2,70,44,6.93,scattered clouds,0,0
141,Jinchang,CN,2020-07-12 16:38:40,38.5,102.17,72.59,44,0,7.78,clear sky,0,0
142,Luderitz,NA,2020-07-12 16:38:40,-26.65,15.16,60.8,55,0,5.82,clear sky,0,0
143,San Pedro,PH,2020-07-12 16:38:40,14.35,121.02,82.99,89,100,3.47,light rain,0.13,0
144,Fortuna,US,2020-07-12 16:38:40,40.6,-124.16,64.0,82,1,4.7,clear sky,0,0
145,Mahon,ES,2020-07-12 16:38:40,39.89,4.27,84.2,26,20,14.99,few clouds,0,0
146,Plainview,US,2020-07-12 16:34:10,40.78,-73.47,86.0,48,40,9.17,scattered clouds,0,0
147,Butaritari,KI,2020-07-12 16:38:41,3.07,172.79,82.31,80,61,15.37,light rain,0.15,0
148,Khomutovo,RU,2020-07-12 16:38:41,52.47,104.4,62.6,100,40,2.24,scattered clouds,0,0
149,Ponta Delgada,PT,2020-07-12 16:38:41,37.73,-25.67,73.4,64,20,12.75,few clouds,0,0
150,Yongzhou,CN,2020-07-12 16:38:41,26.46,111.6,78.03,86,98,4.52,overcast clouds,0,0
151,Tarakan,ID,2020-07-12 16:38:42,3.3,117.63,79.59,79,98,4.32,light rain,0.28,0
152,Bredasdorp,ZA,2020-07-12 16:38:42,-34.53,20.04,57.2,54,0,6.93,clear sky,0,0
153,Bambous Virieux,MU,2020-07-12 16:38:42,-20.34,57.76,72.0,73,75,17.22,broken clouds,0,0
154,Victoria,HK,2020-07-12 16:33:45,22.29,114.16,82.99,82,26,1.99,scattered clouds,0,0
155,Maldonado,UY,2020-07-12 16:38:42,-34.67,-54.92,51.01,71,57,13.87,broken clouds,0,0
156,Lompoc,US,2020-07-12 16:38:42,34.64,-120.46,66.2,82,0,3.36,clear sky,0,0
157,Abonnema,NG,2020-07-12 16:38:43,4.71,6.79,75.2,100,75,6.93,thunderstorm with light rain,0,0
158,Srivardhan,IN,2020-07-12 16:38:43,18.03,73.02,81.84,82,100,5.61,light rain,0.63,0
159,Cherskiy,RU,2020-07-12 16:38:43,68.75,161.3,48.65,95,100,2.68,overcast clouds,0,0
160,Atbasar,KZ,2020-07-12 16:38:43,51.8,68.33,68.43,71,0,9.62,clear sky,0,0
161,Havoysund,NO,2020-07-12 16:38:43,71.0,24.66,57.2,87,20,13.87,few clouds,0,0
162,Labuhan,ID,2020-07-12 16:38:43,-6.88,112.21,78.22,82,79,6.8,broken clouds,0,0
163,Kodiak,US,2020-07-12 16:38:43,57.79,-152.41,53.6,87,90,4.7,overcast clouds,0,0
164,Cajabamba,PE,2020-07-12 16:38:43,-7.62,-78.05,66.13,42,9,5.46,clear sky,0,0
165,Hualmay,PE,2020-07-12 16:38:44,-11.1,-77.61,66.43,64,68,8.68,broken clouds,0,0
166,Bembibre,ES,2020-07-12 16:38:44,42.62,-6.42,87.01,49,26,5.01,scattered clouds,0,0
167,Souillac,MU,2020-07-12 16:38:44,-20.52,57.52,71.6,73,75,17.22,broken clouds,0,0
168,Morshansk,RU,2020-07-12 16:38:44,53.44,41.81,69.49,73,0,5.1,clear sky,0,0
169,Newport,GB,2020-07-12 16:35:53,51.59,-3.0,73.0,47,54,4.0,broken clouds,0,0
170,Clyde River,CA,2020-07-12 16:38:44,70.47,-68.59,46.4,87,90,12.75,overcast clouds,0,0
171,Mahebourg,MU,2020-07-12 16:38:44,-20.41,57.7,71.6,73,75,17.22,broken clouds,0,0
172,Srednekolymsk,RU,2020-07-12 16:38:45,67.45,153.68,56.91,69,0,2.59,clear sky,0,0
173,Castro,BR,2020-07-12 16:38:45,-24.79,-50.01,68.2,60,29,10.31,scattered clouds,0,0
174,Leningradskiy,RU,2020-07-12 16:38:45,69.38,178.42,39.16,78,0,8.59,clear sky,0,0
175,Boma,GH,2020-07-12 16:38:45,7.08,-2.17,77.32,92,72,2.59,light rain,0.96,0
176,Anloga,GH,2020-07-12 16:38:45,5.79,0.9,80.6,74,20,10.29,few clouds,0,0
177,Vila Velha,BR,2020-07-12 16:38:45,-20.33,-40.29,84.2,45,20,13.87,few clouds,0,0
178,Asau,RO,2020-07-12 16:38:46,46.43,26.4,55.0,91,100,5.68,light rain,0.25,0
179,Khani,GE,2020-07-12 16:38:46,41.96,42.96,78.8,78,75,11.41,broken clouds,0,0
180,Vangaindrano,MG,2020-07-12 16:38:46,-23.35,47.6,68.27,87,4,8.32,clear sky,0,0
181,Avera,US,2020-07-12 16:38:46,33.19,-82.53,88.0,55,1,6.93,clear sky,0,0
182,Borogontsy,RU,2020-07-12 16:38:46,62.67,131.17,65.75,94,100,1.32,overcast clouds,0,0
183,Leca Da Palmeira,PT,2020-07-12 16:38:46,41.19,-8.7,87.01,54,0,10.29,clear sky,0,0
184,Pisco,PE,2020-07-12 16:38:46,-13.7,-76.22,64.99,82,11,6.93,few clouds,0,0
185,Sychevka,RU,2020-07-12 16:38:47,55.83,34.27,55.26,89,98,10.22,overcast clouds,0,0
186,Pangai,TO,2020-07-12 16:38:47,-19.8,-174.35,75.04,78,31,25.48,scattered clouds,0,0
187,Bilma,NE,2020-07-12 16:38:47,18.69,12.92,101.5,18,37,2.8,scattered clouds,0,0
188,Westport,US,2020-07-12 16:37:02,41.14,-73.36,84.99,61,1,16.11,clear sky,0,0
189,Dolores,AR,2020-07-12 16:38:47,-36.31,-57.68,49.28,49,50,17.98,scattered clouds,0,0
190,Guangyuan,CN,2020-07-12 16:38:47,32.44,105.82,62.01,90,14,1.86,few clouds,0,0
191,North Bend,US,2020-07-12 16:38:47,43.41,-124.22,64.4,72,1,6.02,clear sky,0,0
192,Beloha,MG,2020-07-12 16:38:47,-25.17,45.05,67.17,80,7,11.99,clear sky,0,0
193,Kulhudhuffushi,MV,2020-07-12 16:38:48,6.62,73.07,83.95,69,91,3.0,overcast clouds,0,0
194,Sola,VU,2020-07-12 16:38:48,-13.88,167.55,80.6,83,75,11.41,broken clouds,0,0
195,Samana,DO,2020-07-12 16:38:48,19.21,-69.34,91.4,66,40,9.17,scattered clouds,0,0
196,Dongsheng,CN,2020-07-12 16:38:48,39.82,109.98,59.97,90,76,1.5,broken clouds,0,0
197,Prado,BR,2020-07-12 16:38:48,-17.34,-39.22,77.5,66,20,7.14,light rain,0.11,0
198,Blythe,US,2020-07-12 16:38:48,33.61,-114.6,100.99,30,1,8.05,clear sky,0,0
199,Chuy,UY,2020-07-12 16:38:48,-33.7,-53.46,54.99,59,45,8.39,scattered clouds,0,0
200,Ostrovnoy,RU,2020-07-12 16:38:48,68.05,39.51,50.58,86,89,13.13,overcast clouds,0,0
201,Redmond,US,2020-07-12 16:36:52,47.67,-122.12,57.99,94,97,6.22,light rain,0.4,0
202,Akureyri,IS,2020-07-12 16:38:49,65.68,-18.09,57.2,71,100,13.87,light rain,0.24,0
203,Atar,MR,2020-07-12 16:38:49,20.52,-13.05,99.84,26,72,6.17,light rain,0.31,0
204,Sobolevo,RU,2020-07-12 16:38:49,54.43,31.9,55.74,87,97,12.57,overcast clouds,0,0
205,Uvat,RU,2020-07-12 16:38:49,59.14,68.9,65.01,64,4,4.61,clear sky,0,0
206,Tala,EG,2020-07-12 16:38:49,30.68,30.94,79.97,56,0,11.39,clear sky,0,0
207,Savannah Bight,HN,2020-07-12 16:38:49,16.45,-85.85,82.09,78,94,10.98,overcast clouds,0,0
208,Pafos,CY,2020-07-12 16:38:49,34.77,32.42,84.0,83,40,14.99,scattered clouds,0,0
209,Osmena,PH,2020-07-12 16:38:50,10.52,119.93,83.17,73,100,6.98,overcast clouds,0,0
210,Krasnoselkup,RU,2020-07-12 16:38:50,65.7,82.47,53.47,76,74,4.72,broken clouds,0,0
211,Tahe,CN,2020-07-12 16:38:50,52.33,124.73,67.77,65,36,2.57,scattered clouds,0,0
212,Faanui,PF,2020-07-12 16:38:50,-16.48,-151.75,78.67,76,100,14.27,overcast clouds,0,0
213,Arraial Do Cabo,BR,2020-07-12 16:38:50,-22.97,-42.03,87.8,40,70,10.29,broken clouds,0,0
214,Zhangjiakou,CN,2020-07-12 16:38:50,40.81,114.88,66.96,81,100,1.63,overcast clouds,0,0
215,Mehamn,NO,2020-07-12 16:38:50,71.04,27.85,48.2,87,20,13.87,few clouds,0,0
216,Greytown,ZA,2020-07-12 16:38:50,-29.06,30.59,43.32,62,0,2.68,clear sky,0,0
217,Fare,PF,2020-07-12 16:38:51,-16.7,-151.02,79.29,77,97,18.52,light rain,0.15,0
218,Maragogi,BR,2020-07-12 16:38:51,-9.01,-35.22,79.27,67,19,11.74,few clouds,0,0
219,Ponta Do Sol,PT,2020-07-12 16:38:51,32.67,-17.1,77.0,66,0,2.86,clear sky,0,0
220,Norman Wells,CA,2020-07-12 16:38:51,65.28,-126.83,53.6,93,90,8.05,light rain,0,0
221,Buala,SB,2020-07-12 16:38:51,-8.14,159.59,80.55,82,91,10.6,moderate rain,1.53,0
222,Makakilo City,US,2020-07-12 16:38:51,21.35,-158.09,77.0,73,75,3.36,broken clouds,0,0
223,Kavali,IN,2020-07-12 16:38:51,14.92,79.98,88.21,65,97,2.91,overcast clouds,0,0
224,Ayan,RU,2020-07-12 16:38:51,56.45,138.17,51.84,89,75,3.96,broken clouds,0,0
225,Penapolis,BR,2020-07-12 16:38:51,-21.42,-50.08,86.02,34,50,11.63,scattered clouds,0,0
226,Chaumont,FR,2020-07-12 16:38:51,48.12,5.13,80.6,24,15,6.93,few clouds,0,0
227,Jibuti,DJ,2020-07-12 16:38:52,11.5,42.5,95.0,56,1,3.36,clear sky,0,0
228,Muravlenko,RU,2020-07-12 16:38:52,63.79,74.52,60.24,71,66,9.17,broken clouds,0,0
229,Sarkand,KZ,2020-07-12 16:38:52,45.41,79.92,60.19,51,18,5.14,few clouds,0,0
230,Le Port,RE,2020-07-12 16:38:52,-20.94,55.29,69.8,68,20,16.11,few clouds,0,0
231,Kununurra,AU,2020-07-12 16:37:43,-15.77,128.73,71.6,26,98,6.93,overcast clouds,0,0
232,Grand Gaube,MU,2020-07-12 16:38:52,-20.01,57.66,72.0,68,0,5.01,clear sky,0,0
233,Kaeo,NZ,2020-07-12 16:38:52,-35.1,173.78,51.01,3,59,8.19,broken clouds,0,0
234,Uige,AO,2020-07-12 16:38:52,-7.61,15.06,73.4,69,20,9.17,few clouds,0,0
235,Abu Dhabi,AE,2020-07-12 16:35:33,24.47,54.37,98.6,67,77,10.29,broken clouds,0,0
236,El Cope,PA,2020-07-12 16:38:53,8.62,-80.6,81.0,75,75,1.5,broken clouds,0,0
237,Santa Rosa,PH,2020-07-12 16:38:53,14.31,121.11,82.99,89,100,2.8,light rain,0.15,0
238,Cervo,ES,2020-07-12 16:38:53,43.67,-7.41,70.0,65,0,21.0,clear sky,0,0
239,Sfantu Gheorghe,RO,2020-07-12 16:38:53,45.87,25.78,61.0,87,100,3.0,light rain,0.66,0
240,Upper Arlington,US,2020-07-12 16:38:53,39.99,-83.06,75.99,78,90,5.82,overcast clouds,0,0
241,Rizhao,CN,2020-07-12 16:38:53,35.43,119.46,68.5,90,100,15.01,overcast clouds,0,0
242,Menongue,AO,2020-07-12 16:38:53,-14.66,17.69,66.78,25,0,5.64,clear sky,0,0
243,Silver City,US,2020-07-12 16:38:53,32.77,-108.28,93.2,13,1,6.93,clear sky,0,0
244,Oussouye,SN,2020-07-12 16:38:53,12.48,-16.55,82.4,83,40,9.17,light rain,0,0
245,Bonavista,CA,2020-07-12 16:38:54,48.65,-53.11,66.0,75,51,8.99,broken clouds,0,0
246,Manado,ID,2020-07-12 16:38:54,1.49,124.85,75.2,100,20,1.12,few clouds,0,0
247,Yulara,AU,2020-07-12 16:38:54,-25.24,130.99,42.8,72,0,4.7,clear sky,0,0
248,Synya,RU,2020-07-12 16:38:54,65.37,58.04,57.45,90,51,8.16,light rain,0.37,0
249,Solano,US,2020-07-12 16:38:54,38.23,-121.95,78.8,38,1,8.05,clear sky,0,0
250,Dumas,US,2020-07-12 16:38:54,35.87,-101.97,87.01,61,1,10.29,clear sky,0,0
251,San Borja,BO,2020-07-12 16:38:55,-14.82,-66.85,87.35,50,14,7.45,few clouds,0,0
252,Maceio,BR,2020-07-12 16:38:55,-9.67,-35.74,82.4,65,75,13.87,broken clouds,0,0
253,Bandarbeyla,SO,2020-07-12 16:38:55,9.49,50.81,82.54,67,67,32.32,broken clouds,0,0
254,Faridpur,BD,2020-07-12 16:38:55,23.6,89.83,82.4,88,75,6.93,drizzle,0,0
255,Lata,PT,2020-07-12 16:38:55,40.16,-8.33,91.99,49,0,10.36,clear sky,0,0
256,Isangel,VU,2020-07-12 16:38:55,-19.55,169.27,69.8,94,40,11.41,scattered clouds,0,0
257,Verkhniy Lomov,RU,2020-07-12 16:38:55,53.47,43.55,67.95,75,0,5.57,clear sky,0,0
258,Biltine,TD,2020-07-12 16:38:55,14.53,20.92,87.46,45,81,9.62,broken clouds,0,0
259,General Pico,AR,2020-07-12 16:38:56,-35.66,-63.76,56.95,43,46,18.3,scattered clouds,0,0
260,Saint-Francois,FR,2020-07-12 16:38:56,46.42,3.91,82.4,18,5,8.05,clear sky,0,0
261,Sao Joao Da Barra,BR,2020-07-12 16:38:56,-21.64,-41.05,82.4,48,43,9.17,scattered clouds,0,0
262,Montoro,ES,2020-07-12 16:38:56,38.02,-4.38,102.2,21,0,6.93,clear sky,0,0
263,Hongjiang,CN,2020-07-12 16:38:56,27.11,110.0,76.05,86,96,2.48,overcast clouds,0,0
264,Provideniya,RU,2020-07-12 16:38:56,64.38,-173.3,49.98,66,3,2.82,clear sky,0,0
265,Syumsi,RU,2020-07-12 16:38:56,57.11,51.61,67.32,82,3,3.44,clear sky,0,0
266,Campbellsville,US,2020-07-12 16:38:57,37.34,-85.34,80.6,61,1,10.29,clear sky,0,0
267,Vrede,ZA,2020-07-12 16:38:57,-27.43,29.17,42.37,51,0,2.95,clear sky,0,0
268,Tan An,VN,2020-07-12 16:38:57,10.53,106.42,78.8,94,40,2.24,scattered clouds,0,0
269,Korla,CN,2020-07-12 16:38:57,41.76,86.15,75.99,73,11,5.01,few clouds,0,0
270,Largo,US,2020-07-12 16:38:57,27.91,-82.79,91.99,74,75,10.29,broken clouds,0,0
271,Talnakh,RU,2020-07-12 16:38:57,69.49,88.4,55.4,87,62,6.71,broken clouds,0,0
272,Lorengau,PG,2020-07-12 16:38:57,-2.02,147.27,81.66,77,90,3.56,overcast clouds,0,0
273,Tual,ID,2020-07-12 16:38:57,-5.67,132.75,78.94,81,86,23.78,overcast clouds,0,0
274,Ibra,OM,2020-07-12 16:34:46,22.69,58.53,87.75,56,99,10.54,overcast clouds,0,0
275,Monywa,MM,2020-07-12 16:38:58,22.12,95.13,81.45,81,100,5.14,light rain,0.29,0
276,Larsnes,NO,2020-07-12 16:38:58,62.2,5.58,55.99,66,75,12.75,broken clouds,0,0
277,San Patricio,MX,2020-07-12 16:38:58,19.22,-104.7,87.8,74,40,6.93,scattered clouds,0,0
278,Olafsvik,IS,2020-07-12 16:38:58,64.89,-23.71,51.87,76,81,9.82,broken clouds,0,0
279,Katsuura,JP,2020-07-12 16:38:58,35.13,140.3,68.0,94,75,13.87,shower rain,0,0
280,Liberty,US,2020-07-12 16:38:59,31.83,-81.5,91.99,49,75,8.05,broken clouds,0,0
281,Oranjemund,NA,2020-07-12 16:38:59,-28.55,16.43,56.77,62,5,11.77,clear sky,0,0
282,Novaky,SK,2020-07-12 16:38:59,48.71,18.53,64.99,58,15,4.0,few clouds,0,0
283,Sao Filipe,CV,2020-07-12 16:38:59,14.9,-24.5,74.71,77,26,10.18,scattered clouds,0,0
284,Yabelo,ET,2020-07-12 16:38:59,4.88,38.08,66.02,65,96,7.54,overcast clouds,0,0
285,Bom Jesus,BR,2020-07-12 16:38:59,-9.07,-44.36,93.09,27,22,6.96,few clouds,0,0
286,Horsham,GB,2020-07-12 16:39:00,51.06,-0.33,73.99,40,67,4.7,broken clouds,0,0
287,Flinders,AU,2020-07-12 16:39:00,-34.58,150.86,52.0,88,98,3.0,moderate rain,1.02,0
288,Arlit,NE,2020-07-12 16:39:00,18.74,7.39,106.41,11,46,1.77,scattered clouds,0,0
289,Tazovskiy,RU,2020-07-12 16:39:00,67.47,78.7,51.57,71,100,1.01,overcast clouds,0,0
290,Upata,VE,2020-07-12 16:39:00,8.01,-62.4,84.76,65,3,4.63,light rain,0.76,0
291,Tautira,PF,2020-07-12 16:39:00,-17.73,-149.15,77.0,65,40,4.7,scattered clouds,0,0
292,Caravelas,BR,2020-07-12 16:39:00,-17.71,-39.25,78.8,60,11,6.53,few clouds,0,0
293,Waingapu,ID,2020-07-12 16:39:00,-9.66,120.26,75.24,80,60,8.86,broken clouds,0,0
294,Cabo San Lucas,MX,2020-07-12 16:36:10,22.89,-109.91,91.4,49,75,3.36,broken clouds,0,0
295,Zyryanka,RU,2020-07-12 16:39:01,65.75,150.85,60.39,58,34,6.02,scattered clouds,0,0
296,Touros,BR,2020-07-12 16:39:01,-5.2,-35.46,82.4,65,40,12.75,scattered clouds,0,0
297,Andapa,MG,2020-07-12 16:39:01,-14.65,49.65,61.39,89,16,1.95,few clouds,0,0
298,Lithakia,GR,2020-07-12 16:39:01,37.72,20.83,93.2,41,0,5.82,clear sky,0,0
299,Kuytun,RU,2020-07-12 16:39:01,54.34,101.5,57.33,68,0,4.5,clear sky,0,0
300,Ziniare,BF,2020-07-12 16:39:01,12.58,-1.3,95.0,47,40,3.36,scattered clouds,0,0
301,Linqiong,CN,2020-07-12 16:39:01,30.42,103.46,78.8,57,76,2.15,broken clouds,0,0
302,Hvolsvollur,IS,2020-07-12 16:39:02,63.75,-20.22,54.0,100,90,9.17,mist,0,0
303,Kidal,ML,2020-07-12 16:39:02,18.44,1.41,101.55,18,44,11.27,scattered clouds,0,0
304,Paamiut,GL,2020-07-12 16:39:02,61.99,-49.67,44.89,80,100,6.13,overcast clouds,0,0
305,Pangnirtung,CA,2020-07-12 16:39:02,66.15,-65.71,48.2,87,75,11.41,shower rain,0,0
306,Tibati,CM,2020-07-12 16:39:02,6.47,12.63,71.96,92,100,2.62,moderate rain,1.6,0
307,Vershino-Darasunskiy,RU,2020-07-12 16:39:02,52.35,115.52,57.97,98,99,2.35,light rain,0.34,0
308,Kurchum,KZ,2020-07-12 16:39:02,48.57,83.65,64.36,67,2,5.77,clear sky,0,0
309,Feltre,IT,2020-07-12 16:39:02,46.02,11.91,78.01,71,40,17.22,scattered clouds,0,0
310,Hervey Bay,AU,2020-07-12 16:39:03,-25.3,152.85,63.0,86,92,5.01,overcast clouds,0,0
311,Tevriz,RU,2020-07-12 16:39:03,57.51,72.4,61.34,75,17,4.83,few clouds,0,0
312,Sur,OM,2020-07-12 16:36:14,22.57,59.53,86.47,68,71,15.39,broken clouds,0,0
313,Wuda,CN,2020-07-12 16:39:03,39.5,106.71,72.28,56,0,12.1,clear sky,0,0
314,Mafinga,TZ,2020-07-12 16:39:03,-7.25,35.07,73.42,39,0,11.52,clear sky,0,0
315,Khatanga,RU,2020-07-12 16:39:03,71.97,102.5,52.29,87,100,14.81,light rain,0.22,0
316,Itaueira,BR,2020-07-12 16:39:03,-7.6,-43.03,90.91,35,1,9.1,clear sky,0,0
317,Changji,CN,2020-07-12 16:39:03,44.02,87.32,71.6,60,100,2.24,overcast clouds,0,0
318,Pandan,PH,2020-07-12 16:39:04,14.05,124.17,78.13,88,100,10.47,light rain,0.6,0
319,Tukrah,LY,2020-07-12 16:39:04,32.53,20.58,77.94,71,0,12.8,clear sky,0,0
320,Parksville,CA,2020-07-12 16:35:13,49.32,-124.32,61.0,79,23,3.0,few clouds,0,0
321,Muroto,JP,2020-07-12 16:39:04,33.28,134.15,75.97,83,100,2.51,overcast clouds,0,0
322,Najran,SA,2020-07-12 16:36:14,17.49,44.13,98.6,11,75,11.41,broken clouds,0,0
323,Egvekinot,RU,2020-07-12 16:39:04,66.32,-179.17,53.22,54,1,1.83,clear sky,0,0
324,Geraldton,AU,2020-07-12 16:39:04,-28.77,114.6,55.4,58,0,14.99,clear sky,0,0
325,Upernavik,GL,2020-07-12 16:37:07,72.79,-56.15,42.1,84,99,9.42,overcast clouds,0,0
326,Mesyagutovo,RU,2020-07-12 16:39:04,55.53,58.25,63.84,72,0,2.26,clear sky,0,0
327,Muros,ES,2020-07-12 16:39:05,42.78,-9.06,87.01,53,0,8.99,clear sky,0,0
328,Weston-Super-Mare,GB,2020-07-12 16:39:05,51.35,-2.98,71.01,49,48,11.41,scattered clouds,0,0
329,Thouars,FR,2020-07-12 16:39:05,46.98,-0.22,80.6,32,32,12.75,scattered clouds,0,0
330,Aquiraz,BR,2020-07-12 16:39:05,-3.9,-38.39,82.4,69,40,16.11,scattered clouds,0,0
331,Igra,RU,2020-07-12 16:39:05,57.56,53.05,66.7,80,0,3.87,clear sky,0,0
332,Panama City,PA,2020-07-12 16:36:09,8.99,-79.52,84.99,78,75,2.24,broken clouds,0,0
333,Sorong,ID,2020-07-12 16:39:05,-0.88,131.25,76.05,87,74,9.91,broken clouds,0,0
334,Moose Factory,CA,2020-07-12 16:39:05,51.26,-80.61,50.0,100,90,3.36,light rain,0,0
335,Caibarien,CU,2020-07-12 16:39:06,22.52,-79.47,86.0,66,40,3.36,scattered clouds,0,0
336,Jieshi,CN,2020-07-12 16:39:06,22.81,115.83,83.05,85,42,9.04,scattered clouds,0,0
337,Hutchinson,US,2020-07-12 16:38:29,38.06,-97.93,84.0,51,1,6.93,clear sky,0,0
338,Sedalia,US,2020-07-12 16:39:06,38.7,-93.23,80.6,57,1,14.99,clear sky,0,0
339,Ko Samui,TH,2020-07-12 16:39:06,9.54,99.94,80.6,88,20,2.24,few clouds,0,0
340,Pinkafeld,AT,2020-07-12 16:39:06,47.37,16.12,72.0,47,3,7.76,clear sky,0,0
341,Tomatlan,MX,2020-07-12 16:39:06,19.93,-105.25,86.95,63,95,4.16,light rain,0.48,0
342,Mahanoro,MG,2020-07-12 16:39:06,-19.9,48.8,68.58,86,28,4.99,scattered clouds,0,0
343,Terney,RU,2020-07-12 16:39:06,45.05,136.61,58.69,87,82,1.45,broken clouds,0,0
344,Hamilton,US,2020-07-12 16:36:30,39.18,-84.53,82.0,61,1,2.33,clear sky,0,0
345,Verkhnyaya Inta,RU,2020-07-12 16:39:07,65.98,60.31,58.87,87,78,17.27,light rain,0.68,0
346,Belaya Gora,RU,2020-07-12 16:39:07,68.53,146.42,62.11,61,100,6.51,overcast clouds,0,0
347,Varhaug,NO,2020-07-12 16:39:07,58.61,5.65,54.0,95,100,7.0,light rain,0.17,0
348,Pevek,RU,2020-07-12 16:39:07,69.7,170.31,48.54,80,98,6.2,overcast clouds,0,0
349,Bulgan,MN,2020-07-12 16:39:07,48.81,103.53,57.76,87,76,1.25,broken clouds,0,0
350,Grahamstown,ZA,2020-07-12 16:39:07,-33.3,26.53,48.24,45,0,7.54,clear sky,0,0
351,Vila Franca Do Campo,PT,2020-07-12 16:39:07,37.72,-25.43,73.4,64,20,12.75,few clouds,0,0
352,Kiama,AU,2020-07-12 16:39:08,-34.68,150.87,52.0,91,96,1.01,light rain,0.25,0
353,Hofn,IS,2020-07-12 16:39:08,64.25,-15.21,51.8,100,75,12.75,broken clouds,0,0
354,Kahului,US,2020-07-12 16:39:08,20.89,-156.47,77.0,65,20,13.87,few clouds,0,0
355,Zionsville,US,2020-07-12 16:34:58,39.95,-86.26,78.01,88,40,3.36,scattered clouds,0,0
356,Husavik,IS,2020-07-12 16:39:08,66.04,-17.34,57.2,71,88,13.87,overcast clouds,0,0
357,Olga,RU,2020-07-12 16:39:08,43.74,135.29,55.2,92,6,3.24,clear sky,0,0
358,Ndele,CF,2020-07-12 16:39:08,8.41,20.65,75.27,90,74,2.75,broken clouds,0,0
359,Puri,IN,2020-07-12 16:39:09,19.8,85.85,80.6,94,90,11.61,light rain,0,0
360,The Valley,AI,2020-07-12 16:34:49,18.22,-63.06,87.8,70,40,18.34,haze,0,0
361,Doha,QA,2020-07-12 16:36:46,25.29,51.53,99.0,60,28,11.41,scattered clouds,0,0
362,Teknaf,BD,2020-07-12 16:39:09,20.86,92.31,80.73,86,96,4.36,light rain,0.89,0
363,Berbera,SO,2020-07-12 16:39:09,10.44,45.01,96.48,39,43,12.01,scattered clouds,0,0
364,Tagusao,PH,2020-07-12 16:39:09,9.19,117.81,80.64,79,100,5.3,overcast clouds,0,0
365,Chizhou,CN,2020-07-12 16:39:10,30.66,117.48,74.01,94,97,5.48,light rain,0.52,0
366,Yar-Sale,RU,2020-07-12 16:39:10,66.83,70.83,57.85,70,74,7.49,broken clouds,0,0
367,Road Town,VG,2020-07-12 16:39:10,18.42,-64.62,86.0,74,40,12.75,scattered clouds,0,0
368,Vallenar,CL,2020-07-12 16:39:10,-28.57,-70.76,81.0,15,0,3.47,clear sky,0,0
369,Sept-Iles,CA,2020-07-12 16:39:10,50.2,-66.38,69.8,83,75,5.82,broken clouds,0,0
370,Yambio,SS,2020-07-12 16:39:10,4.57,28.4,71.64,90,100,1.34,light rain,0.95,0
371,Ornskoldsvik,SE,2020-07-12 16:39:10,63.29,18.72,57.2,76,75,11.41,heavy intensity shower rain,0,0
372,Mangai,CD,2020-07-12 16:39:11,-4.05,19.53,82.22,58,93,3.22,light rain,0.15,0
373,Mednogorsk,RU,2020-07-12 16:39:11,51.41,57.59,78.62,52,0,8.68,clear sky,0,0
374,Sinnamary,GF,2020-07-12 16:39:11,5.38,-52.95,81.91,80,32,10.6,light rain,0.67,0
375,Taos,US,2020-07-12 16:38:41,36.41,-105.57,82.0,21,1,3.36,clear sky,0,0
376,La Ronge,CA,2020-07-12 16:39:11,55.1,-105.28,71.6,60,75,11.41,broken clouds,0,0
377,Clarksburg,US,2020-07-12 16:38:56,39.28,-80.34,84.2,48,1,6.93,clear sky,0,0
378,Chapada Dos Guimaraes,BR,2020-07-12 16:39:11,-15.46,-55.75,95.0,28,20,13.87,few clouds,0,0
379,Yarmouth,US,2020-07-12 16:39:11,41.71,-70.23,82.4,65,1,23.04,clear sky,0,0
380,Sanjwal,PK,2020-07-12 16:39:12,33.76,72.43,86.0,58,36,6.93,light rain,0.15,0
381,Poum,NC,2020-07-12 16:39:12,-20.23,164.02,71.31,78,0,13.4,clear sky,0,0
382,Ardakan,IR,2020-07-12 16:39:12,32.31,54.02,96.8,16,40,9.17,scattered clouds,0,0
383,Yumen,CN,2020-07-12 16:39:12,40.28,97.2,76.12,25,83,4.94,broken clouds,0,0
384,Amuntai,ID,2020-07-12 16:39:12,-2.42,115.25,71.24,99,100,1.21,overcast clouds,0,0
385,Constantine,DZ,2020-07-12 16:39:12,36.37,6.61,91.4,31,20,11.41,few clouds,0,0
386,Tuatapere,NZ,2020-07-12 16:39:12,-46.13,167.68,39.0,83,79,3.0,broken clouds,0,0
387,Kruisfontein,ZA,2020-07-12 16:39:13,-34.0,24.73,52.3,42,0,4.9,clear sky,0,0
388,College,US,2020-07-12 16:39:13,64.86,-147.8,57.99,66,75,5.82,broken clouds,0,0
389,Sabha,LY,2020-07-12 16:39:13,27.04,14.43,100.17,9,0,4.61,clear sky,0,0
390,Tiarei,PF,2020-07-12 16:39:13,-17.53,-149.33,77.0,65,40,4.7,scattered clouds,0,0
391,Berlevag,NO,2020-07-12 16:39:13,70.86,29.09,46.4,87,75,9.17,broken clouds,0,0
392,Abashiri,JP,2020-07-12 16:39:13,44.02,144.27,55.11,88,100,4.43,overcast clouds,0,0
393,Catia La Mar,VE,2020-07-12 16:39:13,10.6,-67.03,79.0,69,56,5.82,moderate rain,1.15,0
394,Sujiatun,CN,2020-07-12 16:39:14,41.66,123.34,71.6,100,100,2.24,light rain,0.14,0
395,Chokwe,MZ,2020-07-12 16:39:14,-24.53,32.98,60.01,67,35,4.99,scattered clouds,0,0
396,Bahce,TR,2020-07-12 16:39:14,37.2,36.58,87.8,52,20,25.28,few clouds,0,0
397,Pringsewu,ID,2020-07-12 16:39:14,-5.36,104.97,73.24,90,70,0.76,broken clouds,0,0
398,Beyneu,KZ,2020-07-12 16:39:14,45.32,55.2,90.81,17,0,13.13,clear sky,0,0
399,West Lorne,CA,2020-07-12 16:39:14,42.6,-81.6,75.2,69,20,9.17,few clouds,0,0
400,Arroyo,ES,2020-07-12 16:39:14,41.61,-4.8,71.01,77,75,9.17,thunderstorm,0,0
401,Valparaiso,CL,2020-07-12 16:39:14,-33.04,-71.63,68.0,58,100,17.22,overcast clouds,0,0
402,Kayerkan,RU,2020-07-12 16:39:15,69.35,87.76,55.4,87,53,6.71,broken clouds,0,0
403,Koslan,RU,2020-07-12 16:39:15,63.46,48.9,58.82,67,99,14.18,overcast clouds,0,0
404,Sao Raimundo Nonato,BR,2020-07-12 16:35:32,-9.02,-42.7,85.26,42,75,10.13,broken clouds,0,0
405,Halifax,CA,2020-07-12 16:34:43,44.65,-63.57,73.99,78,95,1.01,overcast clouds,0,0
406,Santa Vitoria,BR,2020-07-12 16:35:29,-18.84,-50.12,86.05,31,37,7.83,scattered clouds,0,0
407,Homer,US,2020-07-12 16:39:15,59.64,-151.55,59.0,71,75,8.05,broken clouds,0,0
408,Vuktyl,RU,2020-07-12 16:39:15,63.86,57.31,62.29,62,65,9.28,broken clouds,0,0
409,Port Blair,IN,2020-07-12 16:39:12,11.67,92.75,81.97,80,100,9.35,overcast clouds,0,0
410,Biloela,AU,2020-07-12 16:36:03,-24.42,150.5,56.01,74,88,10.65,overcast clouds,0,0
411,Machala,EC,2020-07-12 16:39:16,-3.27,-79.97,80.6,69,40,7.81,scattered clouds,0,0
412,Rucheng,CN,2020-07-12 16:39:16,32.39,120.56,86.0,93,100,3.0,light rain,0.14,0
413,Stara Synyava,UA,2020-07-12 16:39:16,49.6,27.62,51.06,94,100,16.42,moderate rain,2.74,0
414,Qaqortoq,GL,2020-07-12 16:39:16,60.72,-46.03,62.6,59,98,5.82,light rain,0.16,0
415,Beringovskiy,RU,2020-07-12 16:39:16,63.05,179.32,48.54,88,93,7.31,overcast clouds,0,0
416,Tevaitoa,PF,2020-07-12 16:39:16,-16.78,-151.5,79.32,76,100,16.33,light rain,0.27,0
417,Corinto,GR,2020-07-12 16:34:48,37.94,22.96,88.0,42,0,5.01,clear sky,0,0
418,Kropotkin,RU,2020-07-12 16:39:17,45.44,40.58,81.99,49,67,3.76,broken clouds,0,0
419,Itarema,BR,2020-07-12 16:39:17,-2.92,-39.92,86.38,55,16,12.53,few clouds,0,0
420,Mutsu,JP,2020-07-12 16:39:17,41.29,141.22,60.8,93,75,2.24,broken clouds,0,0
421,Totness,SR,2020-07-12 16:39:17,5.88,-56.32,82.49,81,8,8.9,light rain,0.56,0
422,Mikhaylovka,RU,2020-07-12 16:39:17,50.06,43.24,84.0,51,44,5.99,moderate rain,2.36,0
423,Port Hedland,AU,2020-07-12 16:39:17,-20.32,118.57,55.4,30,3,5.82,clear sky,0,0
424,San Quintin,MX,2020-07-12 16:39:17,30.48,-115.95,77.32,58,0,9.22,clear sky,0,0
425,Hihya,EG,2020-07-12 16:36:55,30.67,31.59,89.6,46,0,12.75,clear sky,0,0
426,Daru,PG,2020-07-12 16:39:18,-9.08,143.21,77.18,89,99,16.22,moderate rain,1.4,0
427,Sagua La Grande,CU,2020-07-12 16:39:18,22.81,-80.08,86.0,66,40,3.36,scattered clouds,0,0
428,Priargunsk,RU,2020-07-12 16:39:18,50.37,119.1,65.39,83,86,5.23,light rain,0.68,0
429,Aljezur,PT,2020-07-12 16:39:18,37.32,-8.8,82.99,69,2,9.66,clear sky,0,0
430,Kuna,US,2020-07-12 16:37:20,43.49,-116.42,73.99,31,1,8.05,clear sky,0,0
431,Stornoway,GB,2020-07-12 16:39:18,58.21,-6.39,59.0,76,75,17.22,broken clouds,0,0
432,Toppenish,US,2020-07-12 16:39:10,46.38,-120.31,69.8,52,1,3.8,clear sky,0,0
433,Kazachinskoye,RU,2020-07-12 16:38:07,57.7,93.28,55.58,87,3,2.13,clear sky,0,0
434,Riberalta,BO,2020-07-12 16:39:19,-10.98,-66.1,92.3,39,0,4.59,clear sky,0,0
435,Tilichiki,RU,2020-07-12 16:39:19,60.47,166.1,48.47,99,91,4.79,overcast clouds,0,0
436,Deputatskiy,RU,2020-07-12 16:39:19,69.3,139.9,53.53,73,13,2.89,few clouds,0,0
437,Coihaique,CL,2020-07-12 16:39:19,-45.58,-72.07,37.4,64,40,5.82,scattered clouds,0,0
438,Mbini,GQ,2020-07-12 16:39:19,1.57,9.61,77.23,87,89,10.54,light rain,0.43,0
439,Dapaong,TG,2020-07-12 16:39:19,10.86,0.2,85.44,57,55,6.76,broken clouds,0,0
440,Syracuse,IT,2020-07-12 16:39:19,37.09,15.28,86.0,58,0,17.22,clear sky,0,0
441,Visegrad,BA,2020-07-12 16:39:19,43.78,19.3,57.2,87,75,5.82,broken clouds,0,0
442,Mahibadhoo,MV,2020-07-12 16:39:20,3.78,72.97,84.31,69,81,4.5,broken clouds,0,0
443,Piacabucu,BR,2020-07-12 16:39:20,-10.41,-36.43,78.3,76,78,12.28,light rain,0.26,0
444,Sioux Lookout,CA,2020-07-12 16:39:20,50.1,-91.92,69.8,68,75,4.7,broken clouds,0,0
445,Alexandria,EG,2020-07-12 16:39:20,31.22,29.96,82.4,65,40,12.75,scattered clouds,0,0
446,Channel-Port Aux Basques,CA,2020-07-12 16:39:20,47.57,-59.14,61.45,96,100,15.93,light rain,0.2,0
447,Boulder City,US,2020-07-12 16:39:20,35.98,-114.83,102.99,11,1,6.93,clear sky,0,0
448,Kalmunai,LK,2020-07-12 16:39:20,7.42,81.82,83.8,79,94,3.4,overcast clouds,0,0
449,Bathsheba,BB,2020-07-12 16:39:20,13.22,-59.52,82.4,83,75,18.34,shower rain,0,0
450,Isla Vista,US,2020-07-12 16:38:34,34.41,-119.86,69.8,77,1,4.7,clear sky,0,0
451,Resistencia,AR,2020-07-12 16:39:04,-27.46,-58.98,73.4,56,68,10.29,broken clouds,0,0
452,Santa Lucia,ES,2020-07-12 16:39:21,27.91,-15.54,80.01,69,20,31.09,few clouds,0,0
453,Mount Isa,AU,2020-07-12 16:39:21,-20.73,139.5,51.8,43,0,10.29,clear sky,0,0
454,Hukuntsi,BW,2020-07-12 16:39:21,-24.0,21.75,51.96,37,0,9.84,clear sky,0,0
455,Celendin,PE,2020-07-12 16:39:21,-6.87,-78.15,66.2,52,20,4.7,few clouds,0,0
456,Monza,IT,2020-07-12 16:37:45,45.58,9.27,84.0,44,23,10.29,few clouds,0,0
457,Katangli,RU,2020-07-12 16:39:21,51.71,143.23,45.91,97,7,2.06,clear sky,0,0
458,Moranbah,AU,2020-07-12 16:39:21,-22.0,148.05,55.6,40,12,8.5,few clouds,0,0
459,Katiola,CI,2020-07-12 16:39:22,8.13,-5.1,80.6,69,40,4.7,scattered clouds,0,0
460,Bijie,CN,2020-07-12 16:39:22,27.31,105.29,65.46,94,100,1.7,moderate rain,1.27,0
461,Moron,AR,2020-07-12 16:39:22,-34.65,-58.62,57.99,47,93,3.0,overcast clouds,0,0
462,Outlook,CA,2020-07-12 16:39:22,51.5,-107.05,64.0,80,97,3.0,overcast clouds,0,0
463,Ginda,IN,2020-07-12 16:39:22,30.69,78.49,65.73,79,1,3.22,clear sky,0,0
464,Ndola,ZM,2020-07-12 16:39:22,-12.96,28.64,72.46,36,43,9.82,scattered clouds,0,0
465,Wukari,NG,2020-07-12 16:39:22,7.85,9.78,80.06,83,97,4.27,overcast clouds,0,0
466,Wajir,KE,2020-07-12 16:39:22,1.75,40.06,91.4,38,20,8.05,few clouds,0,0
467,Saint-Augustin,CA,2020-07-12 16:39:22,51.23,-58.65,61.03,96,100,16.84,light rain,0.57,0
468,Vestmanna,FO,2020-07-12 16:39:23,62.16,-7.17,51.8,93,100,8.05,overcast clouds,0,0
469,Itapirapua,BR,2020-07-12 16:39:23,-15.82,-50.61,91.26,29,92,4.29,overcast clouds,0,0
470,Atambua,ID,2020-07-12 16:39:23,-9.11,124.89,70.61,84,86,6.13,overcast clouds,0,0
471,Esmeralda,CU,2020-07-12 16:39:23,21.85,-78.12,87.8,70,40,9.17,scattered clouds,0,0
472,Sisimiut,GL,2020-07-12 16:39:23,66.94,-53.67,53.15,53,84,14.14,broken clouds,0,0
473,Saldanha,ZA,2020-07-12 16:39:23,-33.01,17.94,59.0,54,0,17.22,clear sky,0,0
474,Davidson,US,2020-07-12 16:39:23,36.15,-86.78,71.6,83,75,10.29,thunderstorm,0,0
475,Zhangye,CN,2020-07-12 16:39:03,38.93,100.45,77.05,28,38,5.91,scattered clouds,0,0
476,Balaipungut,ID,2020-07-12 16:39:24,1.05,101.28,75.2,88,40,1.77,scattered clouds,0,0
477,Pulgaon,IN,2020-07-12 16:39:24,20.73,78.33,87.76,62,90,5.73,overcast clouds,0,0
478,Minab,IR,2020-07-12 16:39:24,27.15,57.08,93.2,71,75,6.93,haze,0,0
479,Cap Malheureux,MU,2020-07-12 16:39:24,-19.98,57.61,72.0,70,0,10.0,clear sky,0,0
480,Sebastian,US,2020-07-12 16:39:24,35.17,-94.27,89.01,58,1,9.17,clear sky,0,0
481,Umaria,IN,2020-07-12 16:39:25,23.53,80.83,82.6,72,52,5.97,broken clouds,0,0
482,Saskylakh,RU,2020-07-12 16:39:25,71.92,114.08,59.67,77,48,19.62,scattered clouds,0,0
483,Lapithos,CY,2020-07-12 16:39:25,35.34,33.18,91.4,46,20,18.34,few clouds,0,0
484,Alofi,NU,2020-07-12 16:39:25,-19.06,-169.92,71.6,88,86,18.34,overcast clouds,0,0
485,Ha Tinh,VN,2020-07-12 16:39:25,18.33,105.9,79.83,83,96,3.71,overcast clouds,0,0
486,Waddan,LY,2020-07-12 16:39:26,29.16,16.14,96.37,17,0,12.95,clear sky,0,0
487,Taoudenni,ML,2020-07-12 16:39:26,22.68,-3.98,107.85,18,80,6.2,broken clouds,0,0
488,Baglung,NP,2020-07-12 16:39:26,28.27,83.59,71.64,78,58,1.3,light rain,0.32,0
489,Donskoye,RU,2020-07-12 16:39:26,45.46,41.97,89.01,29,20,13.42,few clouds,0,0
490,Huarmey,PE,2020-07-12 16:39:26,-10.07,-78.15,67.66,64,46,9.71,scattered clouds,0,0
491,Tezu,IN,2020-07-12 16:39:26,27.92,96.17,76.3,82,100,2.48,light rain,0.17,0
492,Guiratinga,BR,2020-07-12 16:39:26,-16.35,-53.76,90.18,26,56,6.69,broken clouds,0,0
493,Mujiayingzi,CN,2020-07-12 16:39:27,42.12,118.78,68.56,65,99,4.03,overcast clouds,0,0
494,Roma,US,2020-07-12 16:34:57,43.21,-75.46,79.0,69,75,14.99,broken clouds,0,0
495,Ciudad Ojeda,VE,2020-07-12 16:39:27,10.2,-71.31,87.19,62,7,5.03,clear sky,0,0
496,Ishurdi,BD,2020-07-12 16:39:27,24.13,89.08,80.35,90,99,7.2,light rain,0.37,0
497,Siilinjarvi,FI,2020-07-12 16:39:27,63.08,27.67,68.0,45,27,6.93,shower rain,0,0
498,Sayyan,YE,2020-07-12 16:39:27,15.17,44.32,72.27,45,88,5.95,overcast clouds,0,0
499,Chernyshevskiy,RU,2020-07-12 16:39:27,63.01,112.47,55.15,77,3,3.31,clear sky,0,0
500,Gasa,PS,2020-07-12 16:37:15,31.5,34.47,84.0,64,0,6.76,clear sky,0,0
501,Laguna,US,2020-07-12 16:39:28,38.42,-121.42,79.0,29,5,4.07,clear sky,0,0
502,Grootfontein,NA,2020-07-12 16:39:28,-19.57,18.12,53.37,36,0,6.33,clear sky,0,0
503,Marzuq,YE,2020-07-12 16:39:28,14.4,46.47,88.27,38,23,6.17,few clouds,0,0
504,Mimongo,GA,2020-07-12 16:39:28,-1.62,11.61,72.75,83,79,4.56,broken clouds,0,0
505,Boditi,ET,2020-07-12 16:39:28,6.97,37.87,59.22,91,79,3.4,light rain,0.62,0
506,Natchitoches,US,2020-07-12 16:39:28,31.77,-93.13,93.2,63,1,5.73,clear sky,0,0
507,Baykit,RU,2020-07-12 16:39:28,61.67,96.37,54.88,87,21,2.06,few clouds,0,0
508,Antofagasta,CL,2020-07-12 16:39:29,-23.65,-70.4,60.8,59,20,10.29,few clouds,0,0
509,Heyang,CN,2020-07-12 16:39:29,26.1,107.47,67.82,94,86,2.21,overcast clouds,0,0
510,Severo-Yeniseyskiy,RU,2020-07-12 16:39:29,60.37,93.04,59.09,77,100,4.59,overcast clouds,0,0
511,Saint-Pierre,RE,2020-07-12 16:39:29,-21.34,55.48,68.0,82,21,3.36,light rain,0.16,0
512,Hurghada,EG,2020-07-12 16:39:13,27.26,33.81,98.6,22,0,20.8,clear sky,0,0
513,Torbeyevo,RU,2020-07-12 16:39:29,54.08,43.25,68.41,73,0,4.41,clear sky,0,0
514,Mount Gambier,AU,2020-07-12 16:39:29,-37.83,140.77,41.0,100,40,3.36,scattered clouds,0,0
515,Xining,CN,2020-07-12 16:39:30,36.62,101.77,56.5,69,14,2.35,few clouds,0,0
516,Nicoya,CR,2020-07-12 16:35:04,10.15,-85.45,84.2,70,75,3.36,broken clouds,0,0
517,Bogoslovka,RU,2020-07-12 16:39:30,53.21,44.8,82.0,37,0,6.58,clear sky,0,0
518,Santa Barbara,US,2020-07-12 16:37:28,34.42,-119.7,70.0,77,1,4.7,clear sky,0,0
519,Batagay-Alyta,RU,2020-07-12 16:39:30,67.8,130.41,57.67,87,4,2.75,clear sky,0,0
520,Deloraine,AU,2020-07-12 16:39:30,-41.53,146.67,39.99,95,7,2.95,clear sky,0,0
521,Wanlaweyn,SO,2020-07-12 16:39:30,2.62,44.89,78.46,75,71,15.97,broken clouds,0,0
522,Ondjiva,AO,2020-07-12 16:39:30,-17.07,15.73,84.2,23,0,3.36,clear sky,0,0
523,La Rioja,ES,2020-07-12 16:39:31,42.25,-2.5,84.2,39,61,8.05,broken clouds,0,0
524,Guerrero Negro,MX,2020-07-12 16:39:31,27.98,-114.06,81.45,39,0,15.08,clear sky,0,0
525,Fairbanks,US,2020-07-12 16:36:45,64.84,-147.72,57.99,66,75,3.36,broken clouds,0,0
526,Yerofey Pavlovich,RU,2020-07-12 16:39:31,53.97,121.97,66.67,61,2,3.33,clear sky,0,0
527,Wajima,JP,2020-07-12 16:39:31,37.4,136.9,68.05,82,100,6.78,overcast clouds,0,0
528,Kushnarenkovo,RU,2020-07-12 16:39:31,55.1,55.35,80.01,61,0,6.71,clear sky,0,0
529,Whitianga,NZ,2020-07-12 16:39:31,-36.83,175.7,53.01,95,92,3.0,overcast clouds,0,0
530,Harrison,US,2020-07-12 16:39:31,30.41,-89.04,93.2,52,1,5.82,clear sky,0,0
531,Tabas,IR,2020-07-12 16:39:32,33.6,56.92,96.8,15,0,4.7,clear sky,0,0
532,Asosa,ET,2020-07-12 16:39:32,10.07,34.53,62.4,100,91,1.88,overcast clouds,0,0
533,Da Nang,VN,2020-07-12 16:39:32,16.07,108.22,84.2,83,20,6.15,few clouds,0,0
534,Toora-Khem,RU,2020-07-12 16:39:32,52.47,96.11,57.67,75,55,3.76,broken clouds,0,0
535,Marabba,SD,2020-07-12 16:39:32,12.35,32.18,77.32,70,84,14.92,broken clouds,0,0
536,Camacha,PT,2020-07-12 16:34:37,33.08,-16.33,73.4,69,20,17.22,few clouds,0,0
537,Kudahuvadhoo,MV,2020-07-12 16:39:32,2.67,72.89,84.69,67,98,5.84,overcast clouds,0,0
538,Haines Junction,CA,2020-07-12 16:39:33,60.75,-137.51,55.9,57,90,4.56,overcast clouds,0,0
539,Parana,AR,2020-07-12 16:39:33,-31.73,-60.52,66.0,28,51,1.99,broken clouds,0,0
540,Ust-Tsilma,RU,2020-07-12 16:39:33,65.44,52.15,60.76,69,71,11.95,broken clouds,0,0
541,Bambanglipuro,ID,2020-07-12 16:39:33,-7.95,110.28,74.48,86,19,5.97,few clouds,0,0
542,Concordia,AR,2020-07-12 16:39:33,-31.39,-58.02,59.0,54,23,4.7,few clouds,0,0
543,Wewak,PG,2020-07-12 16:39:33,-3.55,143.63,79.0,81,95,1.36,light rain,0.58,0
544,Tateyama,JP,2020-07-12 16:39:33,34.98,139.87,70.0,91,100,1.99,overcast clouds,0,0
545,Sassandra,CI,2020-07-12 16:39:33,4.95,-6.08,78.91,71,80,7.61,broken clouds,0,0
546,Tessalit,ML,2020-07-12 16:39:34,20.2,1.01,104.56,15,53,13.13,broken clouds,0,0
547,Necochea,AR,2020-07-12 16:39:34,-38.55,-58.74,48.13,52,10,26.51,clear sky,0,0
548,Maryborough,AU,2020-07-12 16:39:34,-25.53,152.7,63.0,86,100,5.01,light rain,0.65,0
549,Oskemen,KZ,2020-07-12 16:39:34,49.96,82.61,68.0,56,40,8.95,scattered clouds,0,0
550,Sangin,AF,2020-07-12 16:39:34,32.07,64.84,86.07,14,0,5.82,clear sky,0,0
551,Vestmannaeyjar,IS,2020-07-12 16:39:34,63.44,-20.27,50.0,100,90,9.17,mist,0,0
552,Cakovec,HR,2020-07-12 16:39:34,46.38,16.43,75.0,31,0,4.0,clear sky,0,0
553,Sumbe,AO,2020-07-12 16:39:35,-11.21,13.84,71.76,82,67,8.5,broken clouds,0,0
554,Acarau,BR,2020-07-12 16:39:35,-2.89,-40.12,86.74,55,25,11.43,scattered clouds,0,0
555,Skibbereen,IE,2020-07-12 16:39:35,51.55,-9.27,59.0,82,75,14.99,broken clouds,0,0
556,Felanitx,ES,2020-07-12 16:39:35,39.47,3.15,87.8,55,99,5.82,overcast clouds,0,0
557,Burnie,AU,2020-07-12 16:39:35,-41.07,145.92,46.0,77,13,5.01,few clouds,0,0
